{
  "metadata": {
    "method": "F1 maximization",
    "split": "validation",
    "num_classes": 14
  },
  "thresholds": {
    "Atelectasis": 0.16,
    "Cardiomegaly": 0.26,
    "Effusion": 0.22,
    "Infiltration": 0.17,
    "Mass": 0.18000000000000002,
    "Nodule": 0.18000000000000002,
    "Pneumonia": 0.03,
    "Pneumothorax": 0.09999999999999999,
    "Consolidation": 0.09,
    "Edema": 0.09999999999999999,
    "Emphysema": 0.24000000000000002,
    "Fibrosis": 0.19,
    "Pleural_Thickening": 0.16,
    "Hernia": 0.05
  },
  "metrics": {
    "Atelectasis": {
      "F1": 0.3491355270496375,
      "Precision": 0.25557974959172564,
      "Recall": 0.5507331378299121
    },
    "Cardiomegaly": {
      "F1": 0.24793388429752067,
      "Precision": 0.2452316076294278,
      "Recall": 0.25069637883008355
    },
    "Effusion": {
      "F1": 0.4923941025040955,
      "Precision": 0.4191235059760956,
      "Recall": 0.5967101531480431
    },
    "Infiltration": {
      "F1": 0.3482806691449814,
      "Precision": 0.25580204778156995,
      "Recall": 0.5454876273653566
    },
    "Mass": {
      "F1": 0.2749848576620231,
      "Precision": 0.269276393831554,
      "Recall": 0.28094059405940597
    },
    "Nodule": {
      "F1": 0.21398684997011355,
      "Precision": 0.23803191489361702,
      "Recall": 0.19435396308360478
    },
    "Pneumonia": {
      "F1": 0.05675368898978434,
      "Precision": 0.03566333808844508,
      "Recall": 0.1388888888888889
    },
    "Pneumothorax": {
      "F1": 0.3121546961325967,
      "Precision": 0.24862486248624863,
      "Recall": 0.41929499072356213
    },
    "Consolidation": {
      "F1": 0.19064748201438847,
      "Precision": 0.1220073664825046,
      "Recall": 0.43585526315789475
    },
    "Edema": {
      "F1": 0.1835075493612079,
      "Precision": 0.1305785123966942,
      "Recall": 0.30859375
    },
    "Emphysema": {
      "F1": 0.3267504488330341,
      "Precision": 0.3486590038314176,
      "Recall": 0.30743243243243246
    },
    "Fibrosis": {
      "F1": 0.16033755274261605,
      "Precision": 0.18357487922705315,
      "Recall": 0.14232209737827714
    },
    "Pleural_Thickening": {
      "F1": 0.19002375296912113,
      "Precision": 0.15267175572519084,
      "Recall": 0.25157232704402516
    },
    "Hernia": {
      "F1": 0.27906976744186046,
      "Precision": 0.5,
      "Recall": 0.1935483870967742
    }
  }
}